ruleName,original,emergency_0,management_1,management_0,storage_0,storage_2,storage_1,transfer_4,transfer_0,transfer_3,transfer_5,transfer_2,contract_4,contract_2,contract_6,contract_5,contract_0,contract_8,contract_7,contract_3,contract_1,lib_2,lib_1,lib_0
emited_event_upgrade_apply_upgrade,UNCAUGHT,UNCAUGHT,UNCAUGHT,UNCAUGHT,UNCAUGHT,UNCAUGHT,UNCAUGHT,UNCAUGHT,UNCAUGHT,UNCAUGHT,UNCAUGHT,UNCAUGHT,UNCAUGHT,UNCAUGHT,UNCAUGHT,UNCAUGHT,UNCAUGHT,UNCAUGHT,UNCAUGHT,UNCAUGHT,UNCAUGHT,UNCAUGHT,UNCAUGHT,UNCAUGHT
emited_event_upgrade_commit_upgrade,UNCAUGHT,UNCAUGHT,UNCAUGHT,UNCAUGHT,UNCAUGHT,UNCAUGHT,UNCAUGHT,UNCAUGHT,UNCAUGHT,UNCAUGHT,UNCAUGHT,UNCAUGHT,UNCAUGHT,UNCAUGHT,UNCAUGHT,UNCAUGHT,UNCAUGHT,UNCAUGHT,UNCAUGHT,UNCAUGHT,UNCAUGHT,UNCAUGHT,UNCAUGHT,UNCAUGHT
emited_event_upgrade_revert_upgrade,UNCAUGHT,UNCAUGHT,UNCAUGHT,UNCAUGHT,UNCAUGHT,UNCAUGHT,UNCAUGHT,UNCAUGHT,UNCAUGHT,UNCAUGHT,UNCAUGHT,UNCAUGHT,UNCAUGHT,UNCAUGHT,UNCAUGHT,UNCAUGHT,UNCAUGHT,UNCAUGHT,UNCAUGHT,UNCAUGHT,UNCAUGHT,UNCAUGHT,UNCAUGHT,UNCAUGHT
invariant_event_access_for_apply_transfer_ownership,UNCAUGHT,UNCAUGHT,UNCAUGHT,UNCAUGHT,UNCAUGHT,UNCAUGHT,UNCAUGHT,UNCAUGHT,UNCAUGHT,UNCAUGHT,UNCAUGHT,UNCAUGHT,UNCAUGHT,UNCAUGHT,UNCAUGHT,UNCAUGHT,UNCAUGHT,UNCAUGHT,UNCAUGHT,UNCAUGHT,UNCAUGHT,UNCAUGHT,UNCAUGHT,UNCAUGHT
invariant_event_access_for_commit_transfer_ownership,UNCAUGHT,UNCAUGHT,UNCAUGHT,UNCAUGHT,UNCAUGHT,UNCAUGHT,UNCAUGHT,UNCAUGHT,UNCAUGHT,UNCAUGHT,UNCAUGHT,UNCAUGHT,UNCAUGHT,UNCAUGHT,UNCAUGHT,UNCAUGHT,UNCAUGHT,UNCAUGHT,UNCAUGHT,UNCAUGHT,UNCAUGHT,UNCAUGHT,UNCAUGHT,UNCAUGHT
invariant_event_access_for_revert_transfer_ownership,UNCAUGHT,UNCAUGHT,UNCAUGHT,UNCAUGHT,UNCAUGHT,UNCAUGHT,UNCAUGHT,UNCAUGHT,UNCAUGHT,UNCAUGHT,UNCAUGHT,UNCAUGHT,UNCAUGHT,UNCAUGHT,UNCAUGHT,UNCAUGHT,UNCAUGHT,UNCAUGHT,UNCAUGHT,UNCAUGHT,UNCAUGHT,UNCAUGHT,UNCAUGHT,UNCAUGHT
invariant_event_access_for_set_emergency_mode,UNCAUGHT,UNCAUGHT,UNCAUGHT,UNCAUGHT,UNCAUGHT,UNCAUGHT,UNCAUGHT,UNCAUGHT,UNCAUGHT,UNCAUGHT,UNCAUGHT,UNCAUGHT,UNCAUGHT,UNCAUGHT,UNCAUGHT,UNCAUGHT,UNCAUGHT,UNCAUGHT,UNCAUGHT,UNCAUGHT,UNCAUGHT,UNCAUGHT,UNCAUGHT,UNCAUGHT
invariant_transfer_deadline_checked_for_apply_transfer_ownership,UNCAUGHT,UNCAUGHT,UNCAUGHT,UNCAUGHT,UNCAUGHT,UNCAUGHT,UNCAUGHT,UNCAUGHT,UNCAUGHT,UNCAUGHT,UNCAUGHT,UNCAUGHT,UNCAUGHT,UNCAUGHT,UNCAUGHT,UNCAUGHT,UNCAUGHT,UNCAUGHT,UNCAUGHT,UNCAUGHT,UNCAUGHT,UNCAUGHT,UNCAUGHT,UNCAUGHT
invariant_transfer_deadline_checked_for_commit_transfer_ownership,UNCAUGHT,UNCAUGHT,UNCAUGHT,UNCAUGHT,UNCAUGHT,UNCAUGHT,UNCAUGHT,UNCAUGHT,UNCAUGHT,UNCAUGHT,UNCAUGHT,UNCAUGHT,UNCAUGHT,UNCAUGHT,UNCAUGHT,UNCAUGHT,UNCAUGHT,UNCAUGHT,UNCAUGHT,UNCAUGHT,UNCAUGHT,UNCAUGHT,UNCAUGHT,UNCAUGHT
invariant_transfer_deadline_checked_for_get_future_address,UNCAUGHT,UNCAUGHT,UNCAUGHT,UNCAUGHT,UNCAUGHT,UNCAUGHT,UNCAUGHT,UNCAUGHT,UNCAUGHT,UNCAUGHT,UNCAUGHT,UNCAUGHT,UNCAUGHT,UNCAUGHT,UNCAUGHT,UNCAUGHT,UNCAUGHT,UNCAUGHT,UNCAUGHT,UNCAUGHT,UNCAUGHT,UNCAUGHT,UNCAUGHT,UNCAUGHT
